id,item_number,description,category,retail,cpo,points,created_at,updated_at,discontinued
1399,1020RC,Classic Modified 1720 Paring Knife,Auxilary,52.0,48.0,35.0,2013-08-27 22:35:29 UTC,2013-08-27 22:35:29 UTC,false
1400,1021RC,Classic Modified 1721 Trimmer,Auxilary,57.0,53.0,40.0,2013-08-27 22:35:29 UTC,2013-08-27 22:35:29 UTC,false
1401,1160C,Classic Potato Masher,Kitchen Tool Sets & Accessories,51.0,47.0,35.0,2013-08-27 22:35:29 UTC,2013-08-27 22:35:29 UTC,false
1402,1160W,Pearl Potato Masher,Kitchen Tool Sets & Accessories,51.0,47.0,35.0,2013-08-27 22:35:29 UTC,2013-08-27 22:35:29 UTC,false
1403,1161C,Classic Food Press,Cookware,57.0,53.0,40.0,2013-08-27 22:35:29 UTC,2013-08-27 22:35:29 UTC,false
1404,1161W,Pearl Food Press,Cookware,57.0,53.0,40.0,2013-08-27 22:35:29 UTC,2013-08-27 22:35:29 UTC,false
1405,123,Polishing Cloth,Auxilary,5.0,5.0,5.0,2013-08-27 22:35:29 UTC,2013-08-27 22:35:29 UTC,false
1406,124,Small Poly Prep Board,Accessories,23.0,19.0,15.0,2013-08-27 22:35:29 UTC,2013-08-27 22:35:29 UTC,false
1407,125,Medium Poly Prep Board,Accessories,26.0,22.0,15.0,2013-08-27 22:35:29 UTC,2013-08-27 22:35:29 UTC,false
1408,126,Large Poly Prep Board,Accessories,29.0,25.0,20.0,2013-08-27 22:35:29 UTC,2013-08-27 22:35:29 UTC,false
1409,150,Red Flannel Wrap,Auxilary,15.0,15.0,8.0,2013-08-27 22:35:29 UTC,2013-08-27 22:35:29 UTC,false
1410,1501,Vegetable Peeler,Gadgets,34.0,30.0,20.0,2013-08-27 22:35:29 UTC,2013-08-27 22:35:29 UTC,false
1411,1502,Pizza Cutter,Gadgets,46.0,42.0,30.0,2013-08-27 22:35:29 UTC,2013-08-27 22:35:29 UTC,false
1412,1502-1,Blade for Pizza Cutter,Auxilary,27.0,23.0,15.0,2013-08-27 22:35:29 UTC,2013-08-27 22:35:29 UTC,false
1413,1503,Ice Cream Scoop,Gadgets,39.0,35.0,25.0,2013-08-27 22:35:29 UTC,2013-08-27 22:35:29 UTC,false
1414,1504,Cheese Knife (soft grip),Gadgets,59.0,55.0,40.0,2013-08-27 22:35:29 UTC,2013-08-27 22:35:29 UTC,false
1415,1505,Garlic Press,Gadgets,42.0,38.0,30.0,2013-08-27 22:35:29 UTC,2013-08-27 22:35:29 UTC,false
1416,1527,Bypass Pruners,Garden Tools,118.0,114.0,85.0,2013-08-27 22:35:29 UTC,2013-08-27 22:35:29 UTC,false
1417,1530P,"1-1/2"" X 3"" Brass Plate w/adhesive tape",Auxilary,5.0,0.0,7.0,2013-08-27 22:35:29 UTC,2013-08-28 00:56:40 UTC,false
1418,1536PH,"2"" X 3"" Brass Plate w/holes",Auxilary,5.0,0.0,7.0,2013-08-27 22:35:29 UTC,2013-08-28 00:56:49 UTC,false
1419,1536PT,"2"" X 3"" Brass Plate w/adhesive tape",Auxilary,5.0,0.0,7.0,2013-08-27 22:35:29 UTC,2013-08-28 00:56:58 UTC,false
1420,1536SH,"2"" X 3"" Silver Plate w/holes",Auxilary,5.0,0.0,7.0,2013-08-27 22:35:29 UTC,2013-08-28 00:57:10 UTC,false
1421,1536ST,"2"" X 3"" Silver Plate w/adhesive tape",Auxilary,5.0,0.0,7.0,2013-08-27 22:35:29 UTC,2013-08-28 00:57:20 UTC,false
1422,1537S,"1-1/2"" X 3"" Silver Plate w/adhesive tape",Auxilary,5.0,0.0,7.0,2013-08-27 22:35:29 UTC,2013-08-28 00:57:29 UTC,false
1423,1545C,Classic 5-Pc. Traditional Place Setting,Flatware,117.0,107.0,80.0,2013-08-27 22:35:29 UTC,2013-08-27 22:35:29 UTC,false
1424,1545W,Pearl 5-Pc. Traditional Place Setting,Flatware,117.0,107.0,80.0,2013-08-27 22:35:29 UTC,2013-08-27 22:35:29 UTC,false
1425,1546C,Classic 4-Pc. Traditional Completion Set,Flatware,88.0,80.0,60.0,2013-08-27 22:35:29 UTC,2013-08-27 22:35:29 UTC,false
1426,1546W,Pearl 4-Pc. Traditional Completion Set,Flatware,88.0,80.0,60.0,2013-08-27 22:35:29 UTC,2013-08-27 22:35:29 UTC,false
1427,1550C,Classic Traditional Dinner Fork,Auxilary,22.0,20.0,15.0,2013-08-27 22:35:29 UTC,2013-08-27 22:35:29 UTC,false
1428,1550W,Pearl Traditional Dinner Fork,Auxilary,22.0,20.0,15.0,2013-08-27 22:35:29 UTC,2013-08-27 22:35:29 UTC,false
1429,1551C,Classic Traditional Teaspoon,Auxilary,22.0,20.0,15.0,2013-08-27 22:35:29 UTC,2013-08-27 22:35:29 UTC,false
1430,1551W,Pearl Traditional Teaspoon,Auxilary,22.0,20.0,15.0,2013-08-27 22:35:29 UTC,2013-08-27 22:35:29 UTC,false
1431,1552C,Classic Traditional Salad Fork,Auxilary,22.0,20.0,15.0,2013-08-27 22:35:29 UTC,2013-08-27 22:35:29 UTC,false
1432,1552W,Pearl Traditional Salad Fork,Auxilary,22.0,20.0,15.0,2013-08-27 22:35:29 UTC,2013-08-27 22:35:29 UTC,false
1433,1553C,Classic Traditional Soup Spoon,Auxilary,22.0,20.0,15.0,2013-08-27 22:35:29 UTC,2013-08-27 22:35:29 UTC,false
1434,1553W,Pearl Traditional Soup Spoon,Auxilary,22.0,20.0,15.0,2013-08-27 22:35:29 UTC,2013-08-27 22:35:29 UTC,false
1435,1560C,Classic Traditional Serving Spoon,Auxilary,39.0,37.0,25.0,2013-08-27 22:35:29 UTC,2013-08-27 22:35:29 UTC,false
1436,1560W,Pearl Traditional Serving Spoon,Auxilary,39.0,37.0,25.0,2013-08-27 22:35:29 UTC,2013-08-27 22:35:29 UTC,false
1437,1561C,Classic Traditional Slotted Serving Spoon,Auxilary,39.0,37.0,25.0,2013-08-27 22:35:29 UTC,2013-08-27 22:35:29 UTC,false
1438,1561W,Pearl Traditional Slotted Serving Spoon,Auxilary,39.0,37.0,25.0,2013-08-27 22:35:29 UTC,2013-08-27 22:35:29 UTC,false
1439,1562C,Classic Traditional Serving Fork,Auxilary,39.0,37.0,25.0,2013-08-27 22:35:29 UTC,2013-08-27 22:35:29 UTC,false
1440,1562W,Pearl Traditional Serving Fork,Auxilary,39.0,37.0,25.0,2013-08-27 22:35:29 UTC,2013-08-27 22:35:29 UTC,false
1441,1563C,Classic Traditional Gravy Ladle,Auxilary,39.0,37.0,25.0,2013-08-27 22:35:29 UTC,2013-08-27 22:35:29 UTC,false
1442,1563W,Pearl Traditional Gravy Ladle,Auxilary,39.0,37.0,25.0,2013-08-27 22:35:29 UTC,2013-08-27 22:35:29 UTC,false
1443,1564C,Classic Traditional Sugar Spoon,Auxilary,29.0,27.0,20.0,2013-08-27 22:35:29 UTC,2013-08-27 22:35:29 UTC,false
1444,1564W,Pearl Traditional Sugar Spoon,Auxilary,29.0,27.0,20.0,2013-08-27 22:35:29 UTC,2013-08-27 22:35:29 UTC,false
1445,1565C,Classic Traditional Butter Knife,Auxilary,29.0,27.0,20.0,2013-08-27 22:35:29 UTC,2013-08-27 22:35:29 UTC,false
1446,1565W,Pearl Traditional Butter Knife,Auxilary,29.0,27.0,20.0,2013-08-27 22:35:29 UTC,2013-08-27 22:35:29 UTC,false
1447,1570C,Classic 6-Pc. Traditional Accessory Set,Flatware,211.0,199.0,140.0,2013-08-27 22:35:29 UTC,2013-08-27 22:35:29 UTC,false
1448,1570W,Pearl 6-Pc. Traditional Accessory Set,Flatware,211.0,199.0,140.0,2013-08-27 22:35:29 UTC,2013-08-27 22:35:29 UTC,false
1449,1571C,Classic 3-Pc. Traditional Hostess Set,Flatware,106.0,100.0,70.0,2013-08-27 22:35:29 UTC,2013-08-27 22:35:29 UTC,false
1450,1571W,Pearl 3-Pc. Traditional Hostess Set,Flatware,106.0,100.0,70.0,2013-08-27 22:35:29 UTC,2013-08-27 22:35:29 UTC,false
1451,1572C,Classic 3-Pc. Traditional Serving Set,Flatware,106.0,100.0,70.0,2013-08-27 22:35:29 UTC,2013-08-27 22:35:29 UTC,false
1452,1572W,Pearl 3-Pc. Traditional Serving Set,Flatware,106.0,100.0,70.0,2013-08-27 22:35:29 UTC,2013-08-27 22:35:29 UTC,false
1453,1573,12 5-Pc. Traditional Place Settings w/ FREE Storage Chest,Flatware,1033.0,989.0,995.0,2013-08-27 22:35:29 UTC,2013-08-27 22:35:29 UTC,false
1454,1580,"1501, 1720, 1759, 1959, 1798, 3120, 3720, 3764, Pocket Knives",Gift Boxes - Single Items,0.6,0.0,1.0,2013-08-27 22:35:29 UTC,2013-08-28 00:59:25 UTC,false
1455,1581,"1503, 1504, 2159, 1721, 1768, 2120, 3721",Gift Boxes - Single Items,0.6,0.0,1.0,2013-08-27 22:35:29 UTC,2013-08-28 00:59:38 UTC,false
1456,1582,"1726, 1727, 3738, 1761, 1764, 2166",Gift Boxes - Single Items,0.6,0.0,1.0,2013-08-27 22:35:29 UTC,2013-08-28 00:59:51 UTC,false
1457,1583,"1722, 1723, 1724, 1725, 1729, 1756, 1762, 2124, 3729",Gift Boxes - Single Items,0.6,0.0,1.0,2013-08-27 22:35:29 UTC,2013-08-28 01:00:10 UTC,false
1458,1584,"77, 1502, 1527",Gift Boxes - Single Items,0.6,0.0,1.0,2013-08-27 22:35:29 UTC,2013-08-28 01:00:26 UTC,false
1459,1585,"1505, 1712, 1713, 1714, 1716, 1754, 1755, 82",Gift Boxes - Single Items,0.6,0.0,1.0,2013-08-27 22:35:29 UTC,2013-08-28 01:00:42 UTC,false
1460,1586,1737-1 (Knife Only),Gift Boxes - Single Items,0.6,0.0,1.0,2013-08-27 22:35:29 UTC,2013-08-28 01:01:19 UTC,false
1461,1587,"1728, 1735, 1766, 5718, 5719, 5721, 5717",Gift Boxes - Single Items,0.6,0.0,1.0,2013-08-27 22:35:29 UTC,2013-08-28 01:01:30 UTC,false
1462,1588,3724,Gift Boxes - Single Items,0.6,0.0,1.0,2013-08-27 22:35:29 UTC,2013-08-28 01:01:40 UTC,false
1463,1649,Essentials Set Block (5-slot),Individual Wood Blocks / Trays,111.0,106.0,75.0,2013-08-27 22:35:29 UTC,2013-08-27 22:35:29 UTC,false
1464,1651,Essentials+5 Set Block (10-slot),Individual Wood Blocks / Trays,111.0,106.0,75.0,2013-08-27 22:35:29 UTC,2013-08-27 22:35:29 UTC,false
1465,1652,Signature Set Block (24-slot),Individual Wood Blocks / Trays,262.0,257.0,210.0,2013-08-27 22:35:29 UTC,2013-08-27 22:35:29 UTC,false
1466,1652R,Cherry Signature Set Block (24-slot),Individual Wood Blocks / Trays,262.0,257.0,210.0,2013-08-27 22:35:29 UTC,2013-08-27 22:35:29 UTC,false
1467,1700,For 4 Table Knives (1865),Gift Boxes - Sets,19.0,19.0,10.0,2013-08-27 22:35:29 UTC,2013-08-27 22:35:29 UTC,false
1468,1701,For 8 Table Knives (1866),Gift Boxes - Sets,19.0,19.0,10.0,2013-08-27 22:35:29 UTC,2013-08-27 22:35:29 UTC,false
1469,1702,For 12 Table Knives (1867),Gift Boxes - Sets,19.0,19.0,10.0,2013-08-27 22:35:29 UTC,2013-08-27 22:35:29 UTC,false
1470,1703,For Snack Pack (1831),Gift Boxes - Sets,19.0,19.0,10.0,2013-08-27 22:35:29 UTC,2013-08-27 22:35:29 UTC,false
1471,1704,For Carving Set (1834),Gift Boxes - Sets,19.0,19.0,10.0,2013-08-27 22:35:29 UTC,2013-08-27 22:35:29 UTC,false
1472,1705,For Salad/Deli Mates (1820/1821),Gift Boxes - Sets,19.0,19.0,10.0,2013-08-27 22:35:29 UTC,2013-08-27 22:35:29 UTC,false
1473,1706,Barbecue Fork,Auxilary,58.0,54.0,35.0,2013-08-27 22:35:29 UTC,2013-08-27 22:35:29 UTC,false
1474,1707,Barbecue Turner,Auxilary,58.0,54.0,35.0,2013-08-27 22:35:29 UTC,2013-08-27 22:35:29 UTC,false
1475,1708,Barbecue Tongs,Auxilary,33.0,29.0,20.0,2013-08-27 22:35:29 UTC,2013-08-27 22:35:29 UTC,false
1476,1709,Barbecue Set (Classic only),Accessories,149.0,137.0,90.0,2013-08-27 22:35:29 UTC,2013-08-27 22:35:29 UTC,false
1477,1711,Kitchen Tool Holder,Individual Wood Blocks / Trays,45.0,41.0,35.0,2013-08-27 22:35:29 UTC,2013-08-27 22:35:29 UTC,false
1478,1711R,Cherry Kitchen Tool Holder,Individual Wood Blocks / Trays,45.0,41.0,35.0,2013-08-27 22:35:29 UTC,2013-08-27 22:35:29 UTC,false
1479,1712C,Classic Basting Spoon,Kitchen Tool Sets & Accessories,41.0,37.0,20.0,2013-08-27 22:35:29 UTC,2013-08-27 22:35:29 UTC,false
1480,1712W,Pearl Basting Spoon,Kitchen Tool Sets & Accessories,41.0,37.0,20.0,2013-08-27 22:35:29 UTC,2013-08-27 22:35:29 UTC,false
1481,1713C,Classic Slotted Spoon,Kitchen Tool Sets & Accessories,41.0,37.0,20.0,2013-08-27 22:35:29 UTC,2013-08-27 22:35:29 UTC,false
1482,1713W,Pearl Slotted Spoon,Kitchen Tool Sets & Accessories,41.0,37.0,20.0,2013-08-27 22:35:29 UTC,2013-08-27 22:35:29 UTC,false
1483,1714C,Classic Mix-Stir,Kitchen Tool Sets & Accessories,41.0,37.0,20.0,2013-08-27 22:35:29 UTC,2013-08-27 22:35:29 UTC,false
1484,1714W,Pearl Mix-Stir,Kitchen Tool Sets & Accessories,41.0,37.0,20.0,2013-08-27 22:35:29 UTC,2013-08-27 22:35:29 UTC,false
1485,1715C,Classic Ladle,Kitchen Tool Sets & Accessories,41.0,37.0,25.0,2013-08-27 22:35:29 UTC,2013-08-27 22:35:29 UTC,false
1486,1715W,Pearl Ladle,Kitchen Tool Sets & Accessories,41.0,37.0,25.0,2013-08-27 22:35:29 UTC,2013-08-27 22:35:29 UTC,false
1487,1716C,Classic Slotted Turner,Kitchen Tool Sets & Accessories,41.0,37.0,25.0,2013-08-27 22:35:29 UTC,2013-08-27 22:35:29 UTC,false
1488,1716W,Pearl Slotted Turner,Kitchen Tool Sets & Accessories,41.0,37.0,25.0,2013-08-27 22:35:29 UTC,2013-08-27 22:35:29 UTC,false
1489,1718C,Classic 5-Pc. Kitchen Tool Set w/ Holder,Kitchen Tool Sets & Accessories,223.0,199.0,130.0,2013-08-27 22:35:29 UTC,2013-08-27 22:35:29 UTC,false
1490,1718CR,Cherry Classic 5-Pc. Kitchen Tool Set w/ Holder,Kitchen Tool Sets & Accessories,223.0,199.0,130.0,2013-08-27 22:35:29 UTC,2013-08-27 22:35:29 UTC,false
1491,1718W,Pearl 5-Pc. Kitchen Tool Set w/ Holder,Kitchen Tool Sets & Accessories,223.0,199.0,130.0,2013-08-27 22:35:29 UTC,2013-08-27 22:35:29 UTC,false
1492,1718WR,Cherry Pearl 5-Pc. Kitchen Tool Set w/ Holder,Kitchen Tool Sets & Accessories,223.0,199.0,130.0,2013-08-27 22:35:29 UTC,2013-08-27 22:35:29 UTC,false
1493,1719C,Classic 5-Pc. Kitchen Tool Set (Tools Only),Kitchen Tool Sets & Accessories,193.0,169.0,90.0,2013-08-27 22:35:29 UTC,2013-08-27 22:35:29 UTC,false
1494,1719W,Pearl 5-Pc. Kitchen Tool Set (Tools Only),Kitchen Tool Sets & Accessories,193.0,169.0,90.0,2013-08-27 22:35:29 UTC,2013-08-27 22:35:29 UTC,false
1495,1720C,"Classic 2 3/4"" Paring Knife",Homemaker Pieces,54.0,49.0,35.0,2013-08-27 22:35:29 UTC,2013-08-27 22:35:29 UTC,false
1496,1720W,"Pearl 2 3/4"" Paring Knife",Homemaker Pieces,54.0,49.0,35.0,2013-08-27 22:35:29 UTC,2013-08-27 22:35:29 UTC,false
1497,1721C,Classic Trimmer,Homemaker Pieces,59.0,54.0,35.0,2013-08-27 22:35:29 UTC,2013-08-27 22:35:29 UTC,false
1498,1721W,Pearl Trimmer,Homemaker Pieces,59.0,54.0,35.0,2013-08-27 22:35:29 UTC,2013-08-27 22:35:29 UTC,false
1499,1722C,Classic Butcher Knife,Homemaker Pieces,105.0,99.0,65.0,2013-08-27 22:35:29 UTC,2013-08-27 22:35:29 UTC,false
1500,1722W,Pearl Butcher Knife,Homemaker Pieces,105.0,99.0,65.0,2013-08-27 22:35:29 UTC,2013-08-27 22:35:29 UTC,false
1501,1723C,"Classic 9"" Carver",Homemaker Pieces,93.0,87.0,55.0,2013-08-27 22:35:29 UTC,2013-08-27 22:35:29 UTC,false
1502,1723W,"Pearl 9"" Carver",Homemaker Pieces,93.0,87.0,55.0,2013-08-27 22:35:29 UTC,2013-08-27 22:35:29 UTC,false
1503,1724C,"Classic 9 3/4"" Slicer",Homemaker Pieces,95.0,89.0,55.0,2013-08-27 22:35:29 UTC,2013-08-27 22:35:29 UTC,false
1504,1724W,"Pearl 9 3/4"" Slicer",Homemaker Pieces,95.0,89.0,55.0,2013-08-27 22:35:29 UTC,2013-08-27 22:35:29 UTC,false
1505,1725C,"Classic 9 1/4"" French Chef",Specialty Knives,128.0,122.0,80.0,2013-08-27 22:35:29 UTC,2013-08-27 22:35:29 UTC,false
1506,1725W,"Pearl 9 1/4"" French Chef",Specialty Knives,128.0,122.0,80.0,2013-08-27 22:35:29 UTC,2013-08-27 22:35:29 UTC,false
1507,1726C,Classic Turning Fork,Homemaker Pieces,47.0,43.0,30.0,2013-08-27 22:35:29 UTC,2013-08-27 22:35:29 UTC,false
1508,1726W,Pearl Turning Fork,Homemaker Pieces,47.0,43.0,30.0,2013-08-27 22:35:29 UTC,2013-08-27 22:35:29 UTC,false
1509,1727C,Classic Carving Fork,Homemaker Pieces,49.0,45.0,30.0,2013-08-27 22:35:29 UTC,2013-08-27 22:35:29 UTC,false
1510,1727W,Pearl Carving Fork,Homemaker Pieces,49.0,45.0,30.0,2013-08-27 22:35:29 UTC,2013-08-27 22:35:29 UTC,false
1511,1728C,"Classic 7 5/8"" Petite Chef",Homemaker Pieces,114.0,109.0,70.0,2013-08-27 22:35:29 UTC,2013-08-27 22:35:29 UTC,false
1512,1728W,"Pearl 7 5/8"" Petite Chef",Homemaker Pieces,114.0,109.0,70.0,2013-08-27 22:35:29 UTC,2013-08-27 22:35:29 UTC,false
1513,1729C,"Classic 6 3/4"" Petite Carver",Homemaker Pieces,88.0,83.0,50.0,2013-08-27 22:35:29 UTC,2013-08-27 22:35:29 UTC,false
1514,1729W,"Pearl 6 3/4"" Petite Carver",Homemaker Pieces,88.0,83.0,50.0,2013-08-27 22:35:29 UTC,2013-08-27 22:35:29 UTC,false
1515,1735C,Classic Vegetable Knife,Specialty Knives,126.0,120.0,75.0,2013-08-27 22:35:29 UTC,2013-08-27 22:35:29 UTC,false
1516,1735W,Pearl Vegetable Knife,Specialty Knives,126.0,120.0,75.0,2013-08-27 22:35:29 UTC,2013-08-27 22:35:29 UTC,false
1517,1737-1C,Classic Cleaver Only,Auxilary,167.0,161.0,115.0,2013-08-27 22:35:29 UTC,2013-08-27 22:35:29 UTC,false
1518,1737-1W,Pearl Cleaver Only,Auxilary,167.0,161.0,115.0,2013-08-27 22:35:29 UTC,2013-08-27 22:35:29 UTC,false
1519,1737-2,Cleaver Sheath,Auxilary,36.0,32.0,20.0,2013-08-27 22:35:29 UTC,2013-08-27 22:35:29 UTC,false
1520,1737C,Classic Cleaver w/ Sheath,Specialty Knives,172.0,166.0,125.0,2013-08-27 22:35:29 UTC,2013-08-27 22:35:29 UTC,false
1521,1737W,Pearl Cleaver w/ Sheath,Specialty Knives,172.0,166.0,125.0,2013-08-27 22:35:29 UTC,2013-08-27 22:35:29 UTC,false
1522,1740,Studio Set Block (4-slot),Individual Wood Blocks / Trays,111.0,106.0,75.0,2013-08-27 22:35:29 UTC,2013-08-27 22:35:29 UTC,false
1523,1741,Homemaker SetSetBlock (10-slot),Individual Wood Blocks / Trays,130.0,125.0,100.0,2013-08-27 22:35:29 UTC,2013-08-27 22:35:29 UTC,false
1524,1741R,Cherry Homemaker SetSetBlock (10-slot),Individual Wood Blocks / Trays,130.0,125.0,100.0,2013-08-27 22:35:29 UTC,2013-08-27 22:35:29 UTC,false
1525,1742,5-Pc. Knife & Fork Tray,Individual Wood Blocks / Trays,43.0,39.0,15.0,2013-08-27 22:35:29 UTC,2013-08-27 22:35:29 UTC,false
1526,1743,Galley Set Block (7-slot),Individual Wood Blocks / Trays,127.0,122.0,95.0,2013-08-27 22:35:29 UTC,2013-08-27 22:35:29 UTC,false
1527,1744,Galley+6 Set Block (13-slot),Individual Wood Blocks / Trays,127.0,122.0,95.0,2013-08-27 22:35:29 UTC,2013-08-27 22:35:29 UTC,false
1528,1745,4-Pc. Table Knife Tray,Individual Wood Blocks / Trays,26.0,22.0,10.0,2013-08-27 22:35:29 UTC,2013-08-27 22:35:29 UTC,false
1529,1746,Space Saver Set Block (5-slot),Individual Wood Blocks / Trays,111.0,106.0,75.0,2013-08-27 22:35:29 UTC,2013-08-27 22:35:29 UTC,false
1530,1747,Ultimate Set Block (32-slot),Individual Wood Blocks / Trays,323.0,318.0,240.0,2013-08-27 22:35:29 UTC,2013-08-27 22:35:29 UTC,false
1531,1747R,Cherry Ultimate Set Block (32-slot),Individual Wood Blocks / Trays,323.0,318.0,240.0,2013-08-27 22:35:29 UTC,2013-08-27 22:35:29 UTC,false
1532,1748,Homemaker+8 Block (18-slot),Individual Wood Blocks / Trays,130.0,125.0,100.0,2013-08-27 22:35:29 UTC,2013-08-27 22:35:29 UTC,false
1533,1748R,Cherry Homemaker+8 Block (18-slot),Individual Wood Blocks / Trays,130.0,125.0,100.0,2013-08-27 22:35:29 UTC,2013-08-27 22:35:29 UTC,false
1534,1749,Gourmet Set Block (5-slot),Individual Wood Blocks / Trays,130.0,125.0,100.0,2013-08-27 22:35:29 UTC,2013-08-27 22:35:29 UTC,false
1535,1751,Studio+4 Set Block (8-slot),Individual Wood Blocks / Trays,111.0,106.0,75.0,2013-08-27 22:35:29 UTC,2013-08-27 22:35:29 UTC,false
1536,1752,Table Knife Set Block (6-slot),Individual Wood Blocks / Trays,89.0,85.0,60.0,2013-08-27 22:35:29 UTC,2013-08-27 22:35:29 UTC,false
1537,1753,Table Knife Set Block (8-slot),Individual Wood Blocks / Trays,89.0,85.0,60.0,2013-08-27 22:35:29 UTC,2013-08-27 22:35:29 UTC,false
1538,1754C,Classic Slice n’ Serve,Accessories,52.0,48.0,30.0,2013-08-27 22:35:29 UTC,2013-08-27 22:35:29 UTC,false
1539,1754W,Pearl Slice n’ Serve,Accessories,52.0,48.0,30.0,2013-08-27 22:35:29 UTC,2013-08-27 22:35:29 UTC,false
1540,1755C,Classic Turn n’ Serve,Accessories,48.0,44.0,30.0,2013-08-27 22:35:29 UTC,2013-08-27 22:35:29 UTC,false
1541,1755W,Pearl Turn n’ Serve,Accessories,48.0,44.0,30.0,2013-08-27 22:35:29 UTC,2013-08-27 22:35:29 UTC,false
1542,1756C,Classic Professional Spatula,Accessories,48.0,44.0,30.0,2013-08-27 22:35:29 UTC,2013-08-27 22:35:29 UTC,false
1543,1756W,Pearl Professional Spatula,Accessories,48.0,44.0,30.0,2013-08-27 22:35:29 UTC,2013-08-27 22:35:29 UTC,false
1544,1759C,Classic Table Knife,Homemaker Pieces,33.0,31.0,21.0,2013-08-27 22:35:29 UTC,2013-08-27 22:35:29 UTC,false
1545,1759W,Pearl Table Knife,Homemaker Pieces,33.0,31.0,21.0,2013-08-27 22:35:29 UTC,2013-08-27 22:35:29 UTC,false
1546,1761C,Classic Boning Knife,Specialty Knives,83.0,79.0,50.0,2013-08-27 22:35:29 UTC,2013-08-27 22:35:29 UTC,false
1547,1761W,Pearl Boning Knife,Specialty Knives,83.0,79.0,50.0,2013-08-27 22:35:29 UTC,2013-08-27 22:35:29 UTC,false
1548,1762C,Classic Salmon Knife,Specialty Knives,92.0,88.0,55.0,2013-08-27 22:35:29 UTC,2013-08-27 22:35:29 UTC,false
1549,1762W,Pearl Salmon Knife,Specialty Knives,92.0,88.0,55.0,2013-08-27 22:35:29 UTC,2013-08-27 22:35:29 UTC,false
1550,1764C,Classic Traditional Cheese Knife,Specialty Knives,74.0,69.0,50.0,2013-08-27 22:35:29 UTC,2013-08-27 22:35:29 UTC,false
1551,1764W,Pearl Traditional Cheese Knife,Specialty Knives,74.0,69.0,50.0,2013-08-27 22:35:29 UTC,2013-08-27 22:35:29 UTC,false
1552,1766C,"Classic 7"" Santoku",Specialty Knives,115.0,109.0,70.0,2013-08-27 22:35:29 UTC,2013-08-27 22:35:29 UTC,false
1553,1766W,"Pearl 7"" Santoku",Specialty Knives,115.0,109.0,70.0,2013-08-27 22:35:29 UTC,2013-08-27 22:35:29 UTC,false
1554,1768C,Classic Spatula Spreader,Homemaker Pieces,59.0,54.0,35.0,2013-08-27 22:35:29 UTC,2013-08-27 22:35:29 UTC,false
1555,1768W,Pearl Spatula Spreader,Homemaker Pieces,59.0,54.0,35.0,2013-08-27 22:35:29 UTC,2013-08-27 22:35:29 UTC,false
1556,1769-1C,Classic Hunting Knife Only,Auxilary,129.0,125.0,90.0,2013-08-27 22:35:29 UTC,2013-08-27 22:35:29 UTC,false
1557,1769-1W,Pearl Hunting Knife Only,Auxilary,129.0,125.0,90.0,2013-08-27 22:35:29 UTC,2013-08-27 22:35:29 UTC,false
1558,1769-2,Hunting Knife Sheath,Auxilary,34.0,34.0,25.0,2013-08-27 22:35:29 UTC,2013-08-27 22:35:29 UTC,false
1559,1769CDD,Classic Hunting Knife (DD edge),Sporting / Hunting Knives,162.0,158.0,115.0,2013-08-27 22:35:29 UTC,2013-08-27 22:35:29 UTC,false
1560,1769CS,Classic Hunting Knife (STR edge),Sporting / Hunting Knives,162.0,158.0,115.0,2013-08-27 22:35:29 UTC,2013-08-27 22:35:29 UTC,false
1561,1769S-1,Hunting Knife Only (Str Edge),Auxilary,125.0,125.0,90.0,2013-08-27 22:35:29 UTC,2013-08-27 22:35:29 UTC,false
1562,1769WDD,Pearl Hunting Knife (DD edge),Sporting / Hunting Knives,162.0,158.0,115.0,2013-08-27 22:35:29 UTC,2013-08-27 22:35:29 UTC,false
1563,1769WS,Pearl Hunting Knife (STR edge),Sporting / Hunting Knives,162.0,158.0,115.0,2013-08-27 22:35:29 UTC,2013-08-27 22:35:29 UTC,false
1564,1783C,Classic Kitchenette Set w/Tray,Kitchen Cutlery Sets,369.0,341.0,235.0,2013-08-27 22:35:29 UTC,2013-08-27 22:35:29 UTC,false
1565,1783W,Pearl Kitchenette Set w/Tray,Kitchen Cutlery Sets,369.0,341.0,235.0,2013-08-27 22:35:29 UTC,2013-08-27 22:35:29 UTC,false
1566,1792C,Classic 6-Pc. Kitchen Tool Set w/ Holder,Kitchen Tool Sets & Accessories,257.0,229.0,165.0,2013-08-27 22:35:29 UTC,2013-08-27 22:35:29 UTC,false
1567,1792CR,Cherry Classic 6-Pc. Kitchen Tool Set w/ Holder,Kitchen Tool Sets & Accessories,257.0,229.0,165.0,2013-08-27 22:35:29 UTC,2013-08-27 22:35:29 UTC,false
1568,1792W,Pearl 6-Pc. Kitchen Tool Set w/ Holder,Kitchen Tool Sets & Accessories,257.0,229.0,165.0,2013-08-27 22:35:29 UTC,2013-08-27 22:35:29 UTC,false
1569,1792WR,Cherry Pearl 6-Pc. Kitchen Tool Set w/ Holder,Kitchen Tool Sets & Accessories,257.0,229.0,165.0,2013-08-27 22:35:29 UTC,2013-08-27 22:35:29 UTC,false
1570,1793C,Classic 6-Pc. Kitchen Tool Set (Tools Only),Kitchen Tool Sets & Accessories,227.0,199.0,130.0,2013-08-27 22:35:29 UTC,2013-08-27 22:35:29 UTC,false
1571,1793W,Pearl 6-Pc. Kitchen Tool Set (Tools Only),Kitchen Tool Sets & Accessories,227.0,199.0,130.0,2013-08-27 22:35:29 UTC,2013-08-27 22:35:29 UTC,false
1572,1805C,Classic Gourmet Set,Kitchen Cutlery Sets,699.0,669.0,500.0,2013-08-27 22:35:29 UTC,2013-08-27 22:35:29 UTC,false
1573,1805W,Pearl Gourmet Set,Kitchen Cutlery Sets,699.0,669.0,500.0,2013-08-27 22:35:29 UTC,2013-08-27 22:35:29 UTC,false
1574,1809C,Classic Studio Set,Kitchen Cutlery Sets,359.0,332.0,245.0,2013-08-27 22:35:29 UTC,2013-08-27 22:35:29 UTC,false
1575,1809CB,Classic Studio Set w/ 1751,B-Block,359.0,332.0,245.0,2013-08-27 22:35:29 UTC,2013-08-27 22:35:29 UTC,false
1576,1809W,Pearl Studio Set,Kitchen Cutlery Sets,359.0,332.0,245.0,2013-08-27 22:35:29 UTC,2013-08-27 22:35:29 UTC,false
1577,1809WB,Pearl Studio Set w/ 1751,B-Block,359.0,332.0,245.0,2013-08-27 22:35:29 UTC,2013-08-27 22:35:29 UTC,false
1578,1810C,Classic Studio+4 Set,Kitchen Cutlery Sets,475.0,449.0,330.0,2013-08-27 22:35:29 UTC,2013-08-27 22:35:29 UTC,false
1579,1810W,Pearl Studio+4 Set,Kitchen Cutlery Sets,475.0,449.0,330.0,2013-08-27 22:35:29 UTC,2013-08-27 22:35:29 UTC,false
1580,1813C,Classic Ultimate Set,Kitchen Cutlery Sets,2254.0,2209.0,1685.0,2013-08-27 22:35:30 UTC,2013-08-27 22:35:30 UTC,false
1581,1813CB,Classic Ultimate Set w/o 1759,B-Block,1964.0,1919.0,1430.0,2013-08-27 22:35:30 UTC,2013-08-27 22:35:30 UTC,false
1582,1813CR,Cherry Classic Ultimate Set,Kitchen Cutlery Sets,2254.0,2209.0,1685.0,2013-08-27 22:35:30 UTC,2013-08-27 22:35:30 UTC,false
1583,1813CRB,Classic Ultimate Set w/o 1759 w/ 1747R,B-Block,1964.0,1919.0,1430.0,2013-08-27 22:35:30 UTC,2013-08-27 22:35:30 UTC,false
1584,1813W,Pearl Ultimate Set,Kitchen Cutlery Sets,2254.0,2209.0,1685.0,2013-08-27 22:35:30 UTC,2013-08-27 22:35:30 UTC,false
1585,1813WB,Pearl Ultimate Set w/o 1759,B-Block,1964.0,1919.0,1430.0,2013-08-27 22:35:30 UTC,2013-08-27 22:35:30 UTC,false
1586,1813WR,Cherry Pearl Ultimate Set,Kitchen Cutlery Sets,2254.0,2209.0,1685.0,2013-08-27 22:35:30 UTC,2013-08-27 22:35:30 UTC,false
1587,1813WRB,Pearl Ultimate Set w/o 1759 w/ 1747R,B-Block,1964.0,1919.0,1430.0,2013-08-27 22:35:30 UTC,2013-08-27 22:35:30 UTC,false
1588,1814C,Classic Signature Set,Kitchen Cutlery Sets,1599.0,1559.0,1210.0,2013-08-27 22:35:30 UTC,2013-08-27 22:35:30 UTC,false
1589,1814CB,Classic Signature Set w/o 1759,B-Block,1344.0,1299.0,1000.0,2013-08-27 22:35:30 UTC,2013-08-27 22:35:30 UTC,false
1590,1814CR,Cherry Classic Signature Set,Kitchen Cutlery Sets,1599.0,1559.0,1210.0,2013-08-27 22:35:30 UTC,2013-08-27 22:35:30 UTC,false
1591,1814CRB,Classic Signature Set w/o 1759 w/ 1652R,B-Block,1344.0,1299.0,1000.0,2013-08-27 22:35:30 UTC,2013-08-27 22:35:30 UTC,false
1592,1814W,Pearl Signature Set,Kitchen Cutlery Sets,1599.0,1559.0,1210.0,2013-08-27 22:35:30 UTC,2013-08-27 22:35:30 UTC,false
1593,1814WB,Pearl Signature Set w/o 1759,B-Block,1344.0,1299.0,1000.0,2013-08-27 22:35:30 UTC,2013-08-27 22:35:30 UTC,false
1594,1814WR,Cherry Pearl Signature Set,Kitchen Cutlery Sets,1599.0,1559.0,1210.0,2013-08-27 22:35:30 UTC,2013-08-27 22:35:30 UTC,false
1595,1814WRB,Pearl Signature Set w/o 1759 w/ 1652R,B-Block,1344.0,1299.0,1000.0,2013-08-27 22:35:30 UTC,2013-08-27 22:35:30 UTC,false
1596,1820C,Classic Salad Mates,Gift Sets w/ FREE Gift Box,113.0,103.0,80.0,2013-08-27 22:35:30 UTC,2013-08-27 22:35:30 UTC,false
1597,1820W,Pearl Salad Mates,Gift Sets w/ FREE Gift Box,113.0,103.0,80.0,2013-08-27 22:35:30 UTC,2013-08-27 22:35:30 UTC,false
1598,1821C,Classic Deli Mates,Gift Sets w/ FREE Gift Box,113.0,103.0,80.0,2013-08-27 22:35:30 UTC,2013-08-27 22:35:30 UTC,false
1599,1821W,Pearl Deli Mates,Gift Sets w/ FREE Gift Box,113.0,103.0,80.0,2013-08-27 22:35:30 UTC,2013-08-27 22:35:30 UTC,false
1600,1822C,Classic Club Mates,Gift Sets w/ FREE Gift Box,118.0,108.0,80.0,2013-08-27 22:35:30 UTC,2013-08-27 22:35:30 UTC,false
1601,1822W,Pearl Club Mates,Gift Sets w/ FREE Gift Box,118.0,108.0,80.0,2013-08-27 22:35:30 UTC,2013-08-27 22:35:30 UTC,false
1602,1827C,Classic Kitchen Classics,Gift Sets w/ FREE Gift Box,227.0,212.0,150.0,2013-08-27 22:35:30 UTC,2013-08-27 22:35:30 UTC,false
1603,1827W,Pearl Kitchen Classics,Gift Sets w/ FREE Gift Box,227.0,212.0,150.0,2013-08-27 22:35:30 UTC,2013-08-27 22:35:30 UTC,false
1604,1828C,Classic Peel n’ Pare Pack,Gift Sets w/ FREE Gift Box,90.0,81.0,65.0,2013-08-27 22:35:30 UTC,2013-08-27 22:35:30 UTC,false
1605,1828W,Pearl Peel n’ Pare Pack,Gift Sets w/ FREE Gift Box,90.0,81.0,65.0,2013-08-27 22:35:30 UTC,2013-08-27 22:35:30 UTC,false
1606,1829,Party Pack,Gift Sets w/ FREE Gift Box,80.0,72.0,60.0,2013-08-27 22:35:30 UTC,2013-08-27 22:35:30 UTC,false
1607,1831C,Classic Snack Pack,Gift Sets w/ FREE Gift Box,172.0,157.0,115.0,2013-08-27 22:35:30 UTC,2013-08-27 22:35:30 UTC,false
1608,1831W,Pearl Snack Pack,Gift Sets w/ FREE Gift Box,172.0,157.0,115.0,2013-08-27 22:35:30 UTC,2013-08-27 22:35:30 UTC,false
1609,1832C,Classic Deluxe Peel n’ Pare Pack,Gift Sets w/ FREE Gift Box,144.0,130.0,100.0,2013-08-27 22:35:30 UTC,2013-08-27 22:35:30 UTC,false
1610,1832W,Pearl Deluxe Peel n’ Pare Pack,Gift Sets w/ FREE Gift Box,144.0,130.0,100.0,2013-08-27 22:35:30 UTC,2013-08-27 22:35:30 UTC,false
1611,1834C,Classic Carving Set,Gift Sets w/ FREE Gift Box,142.0,132.0,95.0,2013-08-27 22:35:30 UTC,2013-08-27 22:35:30 UTC,false
1612,1834W,Pearl Carving Set,Gift Sets w/ FREE Gift Box,142.0,132.0,95.0,2013-08-27 22:35:30 UTC,2013-08-27 22:35:30 UTC,false
1613,1835C,Classic Paring Knife Specialty Pack,Gift Sets w/ FREE Gift Box,165.0,150.0,115.0,2013-08-27 22:35:30 UTC,2013-08-27 22:35:30 UTC,false
1614,1835W,Pearl Paring Knife Specialty Pack,Gift Sets w/ FREE Gift Box,165.0,150.0,115.0,2013-08-27 22:35:30 UTC,2013-08-27 22:35:30 UTC,false
1615,1836C,Classic Santoku-Style Cook’s Combo,Gift Sets w/ FREE Gift Box,177.0,166.0,120.0,2013-08-27 22:35:30 UTC,2013-08-27 22:35:30 UTC,false
1616,1836W,Pearl Santoku-Style Cook’s Combo,Gift Sets w/ FREE Gift Box,177.0,166.0,120.0,2013-08-27 22:35:30 UTC,2013-08-27 22:35:30 UTC,false
1617,1837C,Classic Party Favorites,Gift Sets w/ FREE Gift Box,91.0,83.0,65.0,2013-08-27 22:35:30 UTC,2013-08-27 22:35:30 UTC,false
1618,1837W,Pearl Party Favorites,Gift Sets w/ FREE Gift Box,91.0,83.0,65.0,2013-08-27 22:35:30 UTC,2013-08-27 22:35:30 UTC,false
1619,1838,Entertainer Pack,Gift Sets w/ FREE Gift Box,178.0,162.0,125.0,2013-08-27 22:35:30 UTC,2013-08-27 22:35:30 UTC,false
1620,1842C,Classic Party Starters,Gift Sets w/ FREE Gift Box,130.0,120.0,95.0,2013-08-27 22:35:30 UTC,2013-08-27 22:35:30 UTC,false
1621,1842W,Pearl Party Starters,Gift Sets w/ FREE Gift Box,130.0,120.0,95.0,2013-08-27 22:35:30 UTC,2013-08-27 22:35:30 UTC,false
1622,1844C,Classic Carver’s Choice,Gift Sets w/ FREE Gift Box,147.0,137.0,95.0,2013-08-27 22:35:30 UTC,2013-08-27 22:35:30 UTC,false
1623,1844W,Pearl Carver’s Choice,Gift Sets w/ FREE Gift Box,147.0,137.0,95.0,2013-08-27 22:35:30 UTC,2013-08-27 22:35:30 UTC,false
1624,1845C,Classic Essentials Set,Kitchen Cutlery Sets,449.0,421.0,310.0,2013-08-27 22:35:30 UTC,2013-08-27 22:35:30 UTC,false
1625,1845CB,Classic Essentials Set w/ 1651,B-Block,449.0,421.0,310.0,2013-08-27 22:35:30 UTC,2013-08-27 22:35:30 UTC,false
1626,1845W,Pearl Essentials Set,Kitchen Cutlery Sets,449.0,421.0,310.0,2013-08-27 22:35:30 UTC,2013-08-27 22:35:30 UTC,false
1627,1845WB,Pearl Essentials Set w/ 1651,B-Block,449.0,421.0,310.0,2013-08-27 22:35:30 UTC,2013-08-27 22:35:30 UTC,false
1628,1847C,Classic Space Saver Set,Kitchen Cutlery Sets,495.0,467.0,340.0,2013-08-27 22:35:30 UTC,2013-08-27 22:35:30 UTC,false
1629,1847W,Pearl Space Saver Set,Kitchen Cutlery Sets,495.0,467.0,340.0,2013-08-27 22:35:30 UTC,2013-08-27 22:35:30 UTC,false
1630,1848C,Classic Cheese Mates (no gift box),Gift Sets w/ FREE Gift Box,103.0,96.0,70.0,2013-08-27 22:35:30 UTC,2013-08-27 22:35:30 UTC,false
1631,1848W,Pearl Cheese Mates (no gift box),Gift Sets w/ FREE Gift Box,103.0,96.0,70.0,2013-08-27 22:35:30 UTC,2013-08-27 22:35:30 UTC,false
1632,1849C,Classic Culinary Companions,Gift Sets w/ FREE Gift Box,174.0,163.0,115.0,2013-08-27 22:35:30 UTC,2013-08-27 22:35:30 UTC,false
1633,1849W,Pearl Culinary Companions,Gift Sets w/ FREE Gift Box,174.0,163.0,115.0,2013-08-27 22:35:30 UTC,2013-08-27 22:35:30 UTC,false
1634,1850C,Classic 2-Pc. Santoku Set,Gift Sets w/ FREE Gift Box,218.0,206.0,140.0,2013-08-27 22:35:30 UTC,2013-08-27 22:35:30 UTC,false
1635,1850W,Pearl 2-Pc. Santoku Set,Gift Sets w/ FREE Gift Box,218.0,206.0,140.0,2013-08-27 22:35:30 UTC,2013-08-27 22:35:30 UTC,false
1636,1851C,Classic Shear Favorites,Gift Sets w/ FREE Gift Box,158.0,149.0,115.0,2013-08-27 22:35:30 UTC,2013-08-27 22:35:30 UTC,false
1637,1851W,Pearl Shear Favorites,Gift Sets w/ FREE Gift Box,158.0,149.0,115.0,2013-08-27 22:35:30 UTC,2013-08-27 22:35:30 UTC,false
1638,1852C,Classic Shear Utility Set,Gift Sets w/ FREE Gift Box,158.0,149.0,115.0,2013-08-27 22:35:30 UTC,2013-08-27 22:35:30 UTC,false
1639,1852W,Pearl Shear Utility Set,Gift Sets w/ FREE Gift Box,158.0,149.0,115.0,2013-08-27 22:35:30 UTC,2013-08-27 22:35:30 UTC,false
1640,1853C,Classic Cook’s Combo,Gift Sets w/ FREE Gift Box,173.0,163.0,115.0,2013-08-27 22:35:30 UTC,2013-08-27 22:35:30 UTC,false
1641,1853W,Pearl Cook’s Combo,Gift Sets w/ FREE Gift Box,173.0,163.0,115.0,2013-08-27 22:35:30 UTC,2013-08-27 22:35:30 UTC,false
1642,1854C,Classic Bake n’ Serve Set (no gift box),Gift Sets w/ FREE Gift Box,148.0,136.0,90.0,2013-08-27 22:35:30 UTC,2013-08-27 22:35:30 UTC,false
1643,1854W,Pearl Bake n’ Serve Set (no gift box),Gift Sets w/ FREE Gift Box,148.0,136.0,90.0,2013-08-27 22:35:30 UTC,2013-08-27 22:35:30 UTC,false
1644,1856C,Classic Santoku-Style Appetizer Set,Gift Sets w/ FREE Gift Box,128.0,118.0,95.0,2013-08-27 22:35:30 UTC,2013-08-27 22:35:30 UTC,false
1645,1856W,Pearl Santoku-Style Appetizer Set,Gift Sets w/ FREE Gift Box,128.0,118.0,95.0,2013-08-27 22:35:30 UTC,2013-08-27 22:35:30 UTC,false
1646,1857C,Classic Santoku-Style Salad Mates,Gift Sets w/ FREE Gift Box,122.0,112.0,90.0,2013-08-27 22:35:30 UTC,2013-08-27 22:35:30 UTC,false
1647,1857W,Pearl Santoku-Style Salad Mates,Gift Sets w/ FREE Gift Box,122.0,112.0,90.0,2013-08-27 22:35:30 UTC,2013-08-27 22:35:30 UTC,false
1648,1858C,Classic Cheese Knife Combo,Gift Sets w/ FREE Gift Box,140.0,130.0,105.0,2013-08-27 22:35:30 UTC,2013-08-27 22:35:30 UTC,false
1649,1858W,Pearl Cheese Knife Combo,Gift Sets w/ FREE Gift Box,140.0,130.0,105.0,2013-08-27 22:35:30 UTC,2013-08-27 22:35:30 UTC,false
1650,1859C,Classic Santoku Classics,Gift Sets w/ FREE Gift Box,237.0,221.0,160.0,2013-08-27 22:35:30 UTC,2013-08-27 22:35:30 UTC,false
1651,1859W,Pearl Santoku Classics,Gift Sets w/ FREE Gift Box,237.0,221.0,160.0,2013-08-27 22:35:30 UTC,2013-08-27 22:35:30 UTC,false
1652,1860C,Classic 6-Pc. Table Knife w/ Block,Table Knife Sets,283.0,267.0,185.0,2013-08-27 22:35:30 UTC,2013-08-27 22:35:30 UTC,false
1653,1860W,Pearl 6-Pc. Table Knife w/ Block,Table Knife Sets,283.0,267.0,185.0,2013-08-27 22:35:30 UTC,2013-08-27 22:35:30 UTC,false
1654,1863C,Classic 8-Pc. Table Knife w/ Block,Table Knife Sets,345.0,325.0,230.0,2013-08-27 22:35:30 UTC,2013-08-27 22:35:30 UTC,false
1655,1863W,Pearl 8-Pc. Table Knife w/ Block,Table Knife Sets,345.0,325.0,230.0,2013-08-27 22:35:30 UTC,2013-08-27 22:35:30 UTC,false
1656,1864C,Classic 4-Pc. Table Knife w/ Tray,Table Knife Sets,151.0,139.0,95.0,2013-08-27 22:35:30 UTC,2013-08-27 22:35:30 UTC,false
1657,1864W,Pearl 4-Pc. Table Knife w/ Tray,Table Knife Sets,151.0,139.0,95.0,2013-08-27 22:35:30 UTC,2013-08-27 22:35:30 UTC,false
1658,1865C,Classic 4-Pc. Table Knife w/ Gift Box,Table Knife Sets,132.0,124.0,95.0,2013-08-27 22:35:30 UTC,2013-08-27 22:35:30 UTC,false
1659,1865W,Pearl 4-Pc. Table Knife w/ Gift Box,Table Knife Sets,132.0,124.0,95.0,2013-08-27 22:35:30 UTC,2013-08-27 22:35:30 UTC,false
1660,1866C,Classic 8-Pc. Table Knife w/ Gift Box,Table Knife Sets,264.0,248.0,180.0,2013-08-27 22:35:30 UTC,2013-08-27 22:35:30 UTC,false
1661,1866W,Pearl 8-Pc. Table Knife w/ Gift Box,Table Knife Sets,264.0,248.0,180.0,2013-08-27 22:35:30 UTC,2013-08-27 22:35:30 UTC,false
1662,1867C,Classic 12-Pc. Table Knife w/ Gift Box,Table Knife Sets,396.0,372.0,260.0,2013-08-27 22:35:30 UTC,2013-08-27 22:35:30 UTC,false
1663,1867W,Pearl 12-Pc. Table Knife w/ Gift Box,Table Knife Sets,396.0,372.0,260.0,2013-08-27 22:35:30 UTC,2013-08-27 22:35:30 UTC,false
1664,1869C,Classic 6-Pc. Table Knife w/ Gift Box,Table Knife Sets,198.0,186.0,135.0,2013-08-27 22:35:30 UTC,2013-08-27 22:35:30 UTC,false
1665,1869W,Pearl 6-Pc. Table Knife w/ Gift Box,Table Knife Sets,198.0,186.0,135.0,2013-08-27 22:35:30 UTC,2013-08-27 22:35:30 UTC,false
1666,1886BKDD,Black Pocket Knife (DD edge),Sporting / Hunting Knives,49.0,45.0,35.0,2013-08-27 22:35:30 UTC,2013-08-27 22:35:30 UTC,false
1667,1886BKS,Black Pocket Knife (STR edge),Sporting / Hunting Knives,49.0,45.0,35.0,2013-08-27 22:35:30 UTC,2013-08-27 22:35:30 UTC,false
1668,1886DBDD,Dark Blue Pocket Knife (DD edge),Sporting / Hunting Knives,49.0,45.0,35.0,2013-08-27 22:35:30 UTC,2013-08-27 22:35:30 UTC,false
1669,1886DBS,Dark Blue Pocket Knife (STR edge),Sporting / Hunting Knives,49.0,45.0,35.0,2013-08-27 22:35:30 UTC,2013-08-27 22:35:30 UTC,false
1670,1890BKS,Black Golf Mate (STR edge),Sporting / Hunting Knives,48.0,44.0,30.0,2013-08-27 22:35:30 UTC,2013-08-27 22:35:30 UTC,false
1671,1891BKDD,"Black 2-3/4"" Lockback Knife (DD edge)",Sporting / Hunting Knives,81.0,77.0,60.0,2013-08-27 22:35:30 UTC,2013-08-27 22:35:30 UTC,false
1672,1891BKS,"Black 2-3/4"" Lockback Knife (STR edge)",Sporting / Hunting Knives,81.0,77.0,60.0,2013-08-27 22:35:30 UTC,2013-08-27 22:35:30 UTC,false
1673,1904,4-Pc. Cutlery Care Set,Accessories,115.0,99.0,75.0,2013-08-27 22:35:30 UTC,2013-08-27 22:35:30 UTC,false
1674,1905,3-Pc. Poly Prep Board Set,Accessories,74.0,62.0,50.0,2013-08-27 22:35:30 UTC,2013-08-27 22:35:30 UTC,false
1675,1945C,Classic Essentials+5 Set,Kitchen Cutlery Sets,599.0,569.0,415.0,2013-08-27 22:35:30 UTC,2013-08-27 22:35:30 UTC,false
1676,1945W,Pearl Essentials+5 Set,Kitchen Cutlery Sets,599.0,569.0,415.0,2013-08-27 22:35:30 UTC,2013-08-27 22:35:30 UTC,false
1677,1946,4-Pc. Stainless Place Setting,Flatware,104.0,96.0,60.0,2013-08-27 22:35:30 UTC,2013-08-27 22:35:30 UTC,false
1678,1947,5-Pc. Stainless Place Setting w/ Table Knife,Flatware,139.0,129.0,100.0,2013-08-27 22:35:30 UTC,2013-08-27 22:35:30 UTC,false
1679,1950,Stainless Dinner Fork,Auxilary,26.0,24.0,15.0,2013-08-27 22:35:30 UTC,2013-08-27 22:35:30 UTC,false
1680,1951,Stainless Teaspoon,Auxilary,26.0,24.0,15.0,2013-08-27 22:35:30 UTC,2013-08-27 22:35:30 UTC,false
1681,1952,Stainless Salad Fork,Auxilary,26.0,24.0,15.0,2013-08-27 22:35:30 UTC,2013-08-27 22:35:30 UTC,false
1682,1953,Stainless Soup Spoon,Auxilary,26.0,24.0,15.0,2013-08-27 22:35:30 UTC,2013-08-27 22:35:30 UTC,false
1683,1959,Stainless Table Knife,Flatware,49.0,47.0,40.0,2013-08-27 22:35:30 UTC,2013-08-27 22:35:30 UTC,false
1684,1960,Stainless Serving Spoon,Auxilary,45.0,43.0,25.0,2013-08-27 22:35:30 UTC,2013-08-27 22:35:30 UTC,false
1685,1961,Stainless Slotted Serving Spoon,Auxilary,45.0,43.0,25.0,2013-08-27 22:35:30 UTC,2013-08-27 22:35:30 UTC,false
1686,1962,Stainless Serving Fork,Auxilary,45.0,43.0,30.0,2013-08-27 22:35:30 UTC,2013-08-27 22:35:30 UTC,false
1687,1963,Stainless Gray Ladle,Auxilary,45.0,43.0,30.0,2013-08-27 22:35:30 UTC,2013-08-27 22:35:30 UTC,false
1688,1964,Stainless Sugar Spoon,Auxilary,36.0,34.0,20.0,2013-08-27 22:35:30 UTC,2013-08-27 22:35:30 UTC,false
1689,1965,Stainless Butter Knife,Auxilary,36.0,34.0,20.0,2013-08-27 22:35:30 UTC,2013-08-27 22:35:30 UTC,false
1690,1970,6-Pc. Stainless Accessory Set,Flatware,246.0,234.0,150.0,2013-08-27 22:35:30 UTC,2013-08-27 22:35:30 UTC,false
1691,1971,3-Pc. Stainless Hostess Set,Flatware,125.0,119.0,75.0,2013-08-27 22:35:30 UTC,2013-08-27 22:35:30 UTC,false
1692,1972,3-Pc. Stainless Serving Set,Flatware,125.0,119.0,75.0,2013-08-27 22:35:30 UTC,2013-08-27 22:35:30 UTC,false
1693,1982,4-Pc. Stainless Table Knife w/ Gift Box,Table Knife Sets,196.0,188.0,170.0,2013-08-27 22:35:30 UTC,2013-08-27 22:35:30 UTC,false
1694,1983,8-Pc. Stainless Table Knife w/ Gift Box,Table Knife Sets,392.0,376.0,330.0,2013-08-27 22:35:30 UTC,2013-08-27 22:35:30 UTC,false
1695,1984,12 5-Pc. Stainless Place Settings w/ FREE Storage Chest,Flatware,1243.0,1199.0,1235.0,2013-08-27 22:35:30 UTC,2013-08-27 22:35:30 UTC,false
1696,2000C,Classic Homemaker Set w/Trays,Kitchen Cutlery Sets,824.0,779.0,530.0,2013-08-27 22:35:30 UTC,2013-08-27 22:35:30 UTC,false
1697,2000W,Pearl Homemaker Set w/Trays,Kitchen Cutlery Sets,824.0,779.0,530.0,2013-08-27 22:35:30 UTC,2013-08-27 22:35:30 UTC,false
1698,2001C,Classic Homemaker Set,Kitchen Cutlery Sets,864.0,819.0,600.0,2013-08-27 22:35:30 UTC,2013-08-27 22:35:30 UTC,false
1699,2001CB,Classic Homemaker Set w/ 1748,B-Block,864.0,819.0,600.0,2013-08-27 22:35:30 UTC,2013-08-27 22:35:30 UTC,false
1700,2001CR,Cherry Classic Homemaker Set,Kitchen Cutlery Sets,864.0,819.0,600.0,2013-08-27 22:35:30 UTC,2013-08-27 22:35:30 UTC,false
1701,2001CRB,Classic Homemaker Set w/ 1748R,B-Block,864.0,819.0,600.0,2013-08-27 22:35:30 UTC,2013-08-27 22:35:30 UTC,false
1702,2001W,Pearl Homemaker Set,Kitchen Cutlery Sets,864.0,819.0,600.0,2013-08-27 22:35:30 UTC,2013-08-27 22:35:30 UTC,false
1703,2001WB,Pearl Homemaker Set w/ 1748,B-Block,864.0,819.0,600.0,2013-08-27 22:35:30 UTC,2013-08-27 22:35:30 UTC,false
1704,2001WR,Cherry Pearl Homemaker Set,Kitchen Cutlery Sets,864.0,819.0,600.0,2013-08-27 22:35:30 UTC,2013-08-27 22:35:30 UTC,false
1705,2001WRB,Pearl Homemaker Set w/ 1748R,B-Block,864.0,819.0,600.0,2013-08-27 22:35:30 UTC,2013-08-27 22:35:30 UTC,false
1706,2007C,Classic Galley Set,Kitchen Cutlery Sets,609.0,573.0,420.0,2013-08-27 22:35:30 UTC,2013-08-27 22:35:30 UTC,false
1707,2007CB,Classic Galley Set w/ 1744,B-Block,609.0,573.0,420.0,2013-08-27 22:35:30 UTC,2013-08-27 22:35:30 UTC,false
1708,2007W,Pearl Galley Set,Kitchen Cutlery Sets,609.0,573.0,420.0,2013-08-27 22:35:30 UTC,2013-08-27 22:35:30 UTC,false
1709,2007WB,Pearl Galley Set w/ 1744,B-Block,609.0,573.0,420.0,2013-08-27 22:35:30 UTC,2013-08-27 22:35:30 UTC,false
1710,2008C,Classic Galley+6 Set,Kitchen Cutlery Sets,785.0,749.0,545.0,2013-08-27 22:35:30 UTC,2013-08-27 22:35:30 UTC,false
1711,2008W,Pearl Galley+6 Set,Kitchen Cutlery Sets,785.0,749.0,545.0,2013-08-27 22:35:30 UTC,2013-08-27 22:35:30 UTC,false
1712,2014C,Classic Santoku-Style Signature Set,Kitchen Cutlery Sets,1619.0,1576.0,1235.0,2013-08-27 22:35:30 UTC,2013-08-27 22:35:30 UTC,false
1713,2014CB,Classic Santoku-Style Signature Set w/o 1759,B-Block,1359.0,1314.0,1025.0,2013-08-27 22:35:30 UTC,2013-08-27 22:35:30 UTC,false
1714,2014CR,Cherry Classic Santoku-Style Signature Set,Kitchen Cutlery Sets,1619.0,1576.0,1235.0,2013-08-27 22:35:30 UTC,2013-08-27 22:35:30 UTC,false
1715,2014CRB,Classic Santoku-Style Signature Set w/o 1759 w/ 1652R ,B-Block,1359.0,1314.0,1025.0,2013-08-27 22:35:30 UTC,2013-08-27 22:35:30 UTC,false
1716,2014W,Pearl Santoku-Style Signature Set,Kitchen Cutlery Sets,1619.0,1576.0,1235.0,2013-08-27 22:35:30 UTC,2013-08-27 22:35:30 UTC,false
1717,2014WB,Pearl Santoku-Style Signature Set w/o 1759,B-Block,1359.0,1314.0,1025.0,2013-08-27 22:35:30 UTC,2013-08-27 22:35:30 UTC,false
1718,2014WR,Cherry Pearl Santoku-Style Signature Set,Kitchen Cutlery Sets,1619.0,1576.0,1235.0,2013-08-27 22:35:30 UTC,2013-08-27 22:35:30 UTC,false
1719,2014WRB,Pearl Santoku-Style Signature Set w/o 1759 w/ 1652R,B-Block,1359.0,1314.0,1025.0,2013-08-27 22:35:30 UTC,2013-08-27 22:35:30 UTC,false
1720,2018C,Classic Homemaker+8 Set,Kitchen Cutlery Sets,1079.0,1034.0,770.0,2013-08-27 22:35:30 UTC,2013-08-27 22:35:30 UTC,false
1721,2018CR,Cherry Classic Homemaker+8 Set,Kitchen Cutlery Sets,1079.0,1034.0,770.0,2013-08-27 22:35:30 UTC,2013-08-27 22:35:30 UTC,false
1722,2018W,Pearl Homemaker+8 Set,Kitchen Cutlery Sets,1079.0,1034.0,770.0,2013-08-27 22:35:30 UTC,2013-08-27 22:35:30 UTC,false
1723,2018WR,Cherry Pearl Homemaker+8 Set,Kitchen Cutlery Sets,1079.0,1034.0,770.0,2013-08-27 22:35:30 UTC,2013-08-27 22:35:30 UTC,false
1724,2019C,Classic Homemaker Builder Set,Auxilary,609.0,447.0,550.0,2013-08-27 22:35:30 UTC,2013-08-27 22:35:30 UTC,false
1725,2019W,Pearl Homemaker Builder Set,Auxilary,609.0,447.0,550.0,2013-08-27 22:35:30 UTC,2013-08-27 22:35:30 UTC,false
1726,2028,For 4-Pc Steak Knife Set (2065),Gift Boxes - Sets,19.0,19.0,10.0,2013-08-27 22:35:30 UTC,2013-08-27 22:35:30 UTC,false
1727,2085C,Classic All Knife Set w/Tray,Kitchen Cutlery Sets,439.0,412.0,285.0,2013-08-27 22:35:30 UTC,2013-08-27 22:35:30 UTC,false
1728,2085W,Pearl All Knife Set w/Tray,Kitchen Cutlery Sets,439.0,412.0,285.0,2013-08-27 22:35:30 UTC,2013-08-27 22:35:30 UTC,false
1729,2101,For Deluxe Peel n' Pare Pack (1832),Gift Boxes - Sets,19.0,19.0,10.0,2013-08-27 22:35:30 UTC,2013-08-27 22:35:30 UTC,false
1730,2102,For 6 Table Knives (1869),Gift Boxes - Sets,19.0,19.0,10.0,2013-08-27 22:35:30 UTC,2013-08-27 22:35:30 UTC,false
1731,2104,For Paring Knife Specialty Pack (1835),Gift Boxes - Sets,19.0,19.0,10.0,2013-08-27 22:35:30 UTC,2013-08-27 22:35:30 UTC,false
1732,2106,For Peel n' Pare Pack (1828),Gift Boxes - Sets,19.0,19.0,10.0,2013-08-27 22:35:30 UTC,2013-08-27 22:35:30 UTC,false
1733,2107,For Party Pack (1829),Gift Boxes - Sets,19.0,19.0,10.0,2013-08-27 22:35:30 UTC,2013-08-27 22:35:30 UTC,false
1734,2108,For Party Favorites (1837),Gift Boxes - Sets,19.0,19.0,10.0,2013-08-27 22:35:30 UTC,2013-08-27 22:35:30 UTC,false
1735,2109,For Entertainer Pack (1838),Gift Boxes - Sets,19.0,19.0,10.0,2013-08-27 22:35:30 UTC,2013-08-27 22:35:30 UTC,false
1736,2111,For Kitchen Classics/Santoku Classics (1827/1859),Gift Boxes - Sets,19.0,19.0,10.0,2013-08-27 22:35:30 UTC,2013-08-27 22:35:30 UTC,false
1737,2114,For Party Starters/Cheese Knife Combo/SS Salad Mates/SS Appetizer (1842/1858/1857/1856),Gift Boxes - Sets,19.0,19.0,10.0,2013-08-27 22:35:30 UTC,2013-08-27 22:35:30 UTC,false
1738,2115,For Cook's Combo/Carver's Choice/Culinary Companions (1843/1844/1849),Gift Boxes - Sets,19.0,19.0,10.0,2013-08-27 22:35:30 UTC,2013-08-27 22:35:30 UTC,false
1739,2116,For 2-Pc. Santoku Set (1850),Gift Boxes - Sets,19.0,19.0,10.0,2013-08-27 22:35:30 UTC,2013-08-27 22:35:30 UTC,false
1740,2117,For Shear Favorites/Shear Utility Set (1851/1852),Gift Boxes - Sets,19.0,19.0,10.0,2013-08-27 22:35:30 UTC,2013-08-27 22:35:30 UTC,false
1741,2119,For Club Mates (1822),Gift Boxes - Sets,19.0,19.0,10.0,2013-08-27 22:35:30 UTC,2013-08-27 22:35:30 UTC,false
1742,2120C,"Classic 4"" Paring Knife",Specialty Knives,56.0,51.0,35.0,2013-08-27 22:35:30 UTC,2013-08-27 22:35:30 UTC,false
1743,2120W,"Pearl 4"" Paring Knife",Specialty Knives,56.0,51.0,35.0,2013-08-27 22:35:30 UTC,2013-08-27 22:35:30 UTC,false
1744,2124C,"Classic 7 3/4"" Petite Slicer",Specialty Knives,91.0,85.0,55.0,2013-08-27 22:35:30 UTC,2013-08-27 22:35:30 UTC,false
1745,2124W,"Pearl 7 3/4"" Petite Slicer",Specialty Knives,91.0,85.0,55.0,2013-08-27 22:35:30 UTC,2013-08-27 22:35:30 UTC,false
1746,2166C,"Classic 5"" Petite Santoku",Specialty Knives,103.0,97.0,60.0,2013-08-27 22:35:30 UTC,2013-08-27 22:35:30 UTC,false
1747,2166W,"Pearl 5"" Petite Santoku",Specialty Knives,103.0,97.0,60.0,2013-08-27 22:35:30 UTC,2013-08-27 22:35:30 UTC,false
1748,276,Cookware DVD,Cookware,5.0,4.0,10.0,2013-08-27 22:35:30 UTC,2013-08-27 22:35:30 UTC,false
1749,277,12 oz. Bar Keeper’s Friend Cleaner,Cookware,3.0,0.0,5.0,2013-08-27 22:35:30 UTC,2013-08-27 22:35:30 UTC,false
1750,278,Handle Mitt,Cookware,5.0,4.0,10.0,2013-08-27 22:35:30 UTC,2013-08-27 22:35:30 UTC,false
1751,287,Cooking Guide,Cookware,5.0,4.0,10.0,2013-08-27 22:35:30 UTC,2013-08-27 22:35:30 UTC,false
1752,300,Cultivator,Garden Tools,49.0,45.0,35.0,2013-08-27 22:35:30 UTC,2013-08-27 22:35:30 UTC,false
1753,301,Weeder,Garden Tools,31.0,27.0,20.0,2013-08-27 22:35:30 UTC,2013-08-27 22:35:30 UTC,false
1754,302,Transplanting Trowel,Garden Tools,40.0,36.0,25.0,2013-08-27 22:35:30 UTC,2013-08-27 22:35:30 UTC,false
1755,304,Garden Trowel,Garden Tools,48.0,44.0,30.0,2013-08-27 22:35:30 UTC,2013-08-27 22:35:30 UTC,false
1756,3120C,"Classic 2 3/4"" Bird’s Beak Paring Knife",Specialty Knives,55.0,50.0,35.0,2013-08-27 22:35:30 UTC,2013-08-27 22:35:30 UTC,false
1757,3120W,"Pearl 2 3/4"" Bird’s Beak Paring Knife",Specialty Knives,55.0,50.0,35.0,2013-08-27 22:35:30 UTC,2013-08-27 22:35:30 UTC,false
1758,326,4-Pc. Garden Tool Set w/ 302,Garden Tools,158.0,142.0,110.0,2013-08-27 22:35:30 UTC,2013-08-27 22:35:30 UTC,false
1759,327,5-Pc. Garden Tool Set,Garden Tools,,,,2013-08-27 22:35:30 UTC,2013-08-29 05:23:17 UTC,true
1760,328,3-Pc. Garden Tool Set,Garden Tools,121.0,109.0,80.0,2013-08-27 22:35:30 UTC,2013-08-27 22:35:30 UTC,false
1761,331,5-Pc. Garden Tool Set w/ FREE Bag,Garden Tools,267.0,232.0,210.0,2013-08-27 22:35:30 UTC,2013-08-27 22:35:30 UTC,false
1762,332,4-Pc. Garden Tool Set w/ 1527,Garden Tools,235.0,219.0,170.0,2013-08-27 22:35:30 UTC,2013-08-27 22:35:30 UTC,false
1763,3720C,"Classic Santoku-Style 3"" Paring Knife",Specialty Knives,60.0,55.0,40.0,2013-08-27 22:35:30 UTC,2013-08-27 22:35:30 UTC,false
1764,3720W,"Pearl Santoku-Style 3"" Paring Knife",Specialty Knives,60.0,55.0,40.0,2013-08-27 22:35:30 UTC,2013-08-27 22:35:30 UTC,false
1765,3721C,Classic Santoku-Style Trimmer,Specialty Knives,62.0,57.0,40.0,2013-08-27 22:35:30 UTC,2013-08-27 22:35:30 UTC,false
1766,3721W,Pearl Santoku-Style Trimmer,Specialty Knives,62.0,57.0,40.0,2013-08-27 22:35:30 UTC,2013-08-27 22:35:30 UTC,false
1767,3724C,"Classic Santoku-Style 10"" Slicer",Specialty Knives,101.0,95.0,60.0,2013-08-27 22:35:30 UTC,2013-08-27 22:35:30 UTC,false
1768,3724W,"Pearl Santoku-Style 10"" Slicer",Specialty Knives,101.0,95.0,60.0,2013-08-27 22:35:30 UTC,2013-08-27 22:35:30 UTC,false
1769,3729C,"Classic Santoku-Style 8"" Carver",Specialty Knives,93.0,88.0,55.0,2013-08-27 22:35:30 UTC,2013-08-27 22:35:30 UTC,false
1770,3729W,"Pearl Santoku-Style 8"" Carver",Specialty Knives,93.0,88.0,55.0,2013-08-27 22:35:30 UTC,2013-08-27 22:35:30 UTC,false
1771,3738C,Classic Hardy Slicer,Specialty Knives,120.0,114.0,75.0,2013-08-27 22:35:30 UTC,2013-08-27 22:35:30 UTC,false
1772,3738W,Pearl Hardy Slicer,Specialty Knives,120.0,114.0,75.0,2013-08-27 22:35:30 UTC,2013-08-27 22:35:30 UTC,false
1773,3764C,Classic Santoku-Style Cheese Knife,Specialty Knives,66.0,61.0,45.0,2013-08-27 22:35:30 UTC,2013-08-27 22:35:30 UTC,false
1774,3764W,Pearl Santoku-Style Cheese Knife,Specialty Knives,66.0,61.0,45.0,2013-08-27 22:35:30 UTC,2013-08-27 22:35:30 UTC,false
1775,5717-2,"Sheath for 5717, 5718 & 5719",Auxilary,28.0,28.0,15.0,2013-08-27 22:35:30 UTC,2013-08-27 22:35:30 UTC,false
1776,5718BK-1,Drop Point Black Knife Only,Auxilary,61.0,61.0,45.0,2013-08-27 22:35:30 UTC,2013-08-27 22:35:30 UTC,false
1777,5718BKDD,Black Drop Point Hunting Knife (DD edge),Sporting / Hunting Knives,87.0,83.0,65.0,2013-08-27 22:35:30 UTC,2013-08-27 22:35:30 UTC,false
1778,5718BKS,Black Drop Point Hunting Knife (STR edge),Sporting / Hunting Knives,87.0,83.0,65.0,2013-08-27 22:35:30 UTC,2013-08-27 22:35:30 UTC,false
1779,5718H-1,Drop Point Orange Knife Only,Auxilary,61.0,61.0,45.0,2013-08-27 22:35:30 UTC,2013-08-27 22:35:30 UTC,false
1780,5718HDD,Orange Drop Point Hunting Knife (DD edge),Sporting / Hunting Knives,87.0,83.0,65.0,2013-08-27 22:35:30 UTC,2013-08-27 22:35:30 UTC,false
1781,5718HS,Orange Drop Point Hunting Knife (STR edge),Sporting / Hunting Knives,87.0,83.0,65.0,2013-08-27 22:35:30 UTC,2013-08-27 22:35:30 UTC,false
1782,5718HS-1,Drop Point Orange Knife only (Str Edge),Auxilary,61.0,61.0,45.0,2013-08-27 22:35:30 UTC,2013-08-27 22:35:30 UTC,false
1783,5719BK-1,Clip Point Black Knife Only,Auxilary,61.0,61.0,45.0,2013-08-27 22:35:30 UTC,2013-08-27 22:35:30 UTC,false
1784,5719BKDD,Black Clip Point Outdoor Knife (DD edge),Sporting / Hunting Knives,87.0,83.0,65.0,2013-08-27 22:35:30 UTC,2013-08-27 22:35:30 UTC,false
1785,5719BKS,Black Clip Point Outdoor Knife (STR edge),Sporting / Hunting Knives,87.0,83.0,65.0,2013-08-27 22:35:30 UTC,2013-08-27 22:35:30 UTC,false
1786,5719BKS-1,Clip Point Black Knife Only (Str Edge),Auxilary,61.0,61.0,45.0,2013-08-27 22:35:30 UTC,2013-08-27 22:35:30 UTC,false
1787,5719H-1,Clip Point Orange Knife Only,Auxilary,61.0,61.0,45.0,2013-08-27 22:35:30 UTC,2013-08-27 22:35:30 UTC,false
1788,5719HDD,Orange Clip Point Outdoor Knife (DD edge),Sporting / Hunting Knives,87.0,83.0,65.0,2013-08-27 22:35:30 UTC,2013-08-27 22:35:30 UTC,false
1789,5719HS,Orange Clip Point Outdoor Knife (STR edge),Sporting / Hunting Knives,87.0,83.0,65.0,2013-08-27 22:35:30 UTC,2013-08-27 22:35:30 UTC,false
1790,5719HS-1,Clip Point Orange Knife Only (Str Edge),Auxilary,61.0,61.0,45.0,2013-08-27 22:35:30 UTC,2013-08-27 22:35:30 UTC,false
1791,5720-2,Fisherman's Solution Sheath,Auxilary,23.0,23.0,20.0,2013-08-27 22:35:30 UTC,2013-08-27 22:35:30 UTC,false
1792,5720B,Fisherman's Solution Blade Only,Auxilary,29.0,25.0,25.0,2013-08-27 22:35:30 UTC,2013-08-27 22:35:30 UTC,false
1793,5720BK-1,Fisherman's Solution Black Knife Only,Auxilary,59.0,59.0,40.0,2013-08-27 22:35:30 UTC,2013-08-27 22:35:30 UTC,false
1794,5721BKS,Black Fisherman’s Solution (STR edge),Sporting / Hunting Knives,83.0,79.0,60.0,2013-08-27 22:35:30 UTC,2013-08-27 22:35:30 UTC,false
1795,5721H-1,Fisherman's Solution Orange Knife Only,Auxilary,59.0,59.0,40.0,2013-08-27 22:35:30 UTC,2013-08-27 22:35:30 UTC,false
1796,5721HS,Orange Fisherman’s Solution (STR edge),Sporting / Hunting Knives,83.0,79.0,60.0,2013-08-27 22:35:30 UTC,2013-08-27 22:35:30 UTC,false
1797,5725BKS,Black CUTCO/KA-BAR Explorer (STR edge),Sporting / Hunting Knives,173.0,169.0,115.0,2013-08-27 22:35:30 UTC,2013-08-27 22:35:30 UTC,false
1798,730,"10"" Gourmet Fry Pan",Cookware,191.0,129.0,170.0,2013-08-27 22:35:30 UTC,2013-08-27 22:35:30 UTC,false
1799,731,Griddle,Cookware,218.0,149.0,175.0,2013-08-27 22:35:30 UTC,2013-08-27 22:35:30 UTC,false
1800,732,"12"" Gourmet Fry Pan",Cookware,215.0,146.0,200.0,2013-08-27 22:35:30 UTC,2013-08-27 22:35:30 UTC,false
1801,733,Double Griddle,Cookware,399.0,275.0,315.0,2013-08-27 22:35:30 UTC,2013-08-27 22:35:30 UTC,false
1802,736,10 Qt. Stock Pot w/ Cover,Cookware,499.0,345.0,410.0,2013-08-27 22:35:30 UTC,2013-08-27 22:35:30 UTC,false
1803,738,"8 1/2"" Gourmet Fry Pan",Cookware,167.0,112.0,135.0,2013-08-27 22:35:30 UTC,2013-08-27 22:35:30 UTC,false
1804,739,Wok & Cover,Cookware,499.0,345.0,445.0,2013-08-27 22:35:30 UTC,2013-08-27 22:35:30 UTC,false
1805,77-2,Super Shears Sheath,Auxilary,29.0,29.0,20.0,2013-08-27 22:35:30 UTC,2013-08-27 22:35:30 UTC,false
1806,77C,Classic Super Shears,Accessories,99.0,95.0,70.0,2013-08-27 22:35:30 UTC,2013-08-28 02:38:47 UTC,false
1807,77W,Pearl Super Shears,Accessories,99.0,95.0,70.0,2013-08-27 22:35:30 UTC,2013-08-27 22:35:30 UTC,false
1808,790,"11 1/2"" Skillet & Cover",Cookware,376.0,259.0,300.0,2013-08-27 22:35:30 UTC,2013-08-27 22:35:30 UTC,false
1809,7908CD,Classic Aspiring Chef Cookware Set W/ DVD,Cookware Sets,1019.0,682.0,845.0,2013-08-27 22:35:30 UTC,2013-08-27 22:35:30 UTC,false
1810,790C,Cover-Dutch Oven/ Skillet,Cookware,120.0,80.0,100.0,2013-08-27 22:35:30 UTC,2013-08-27 22:35:30 UTC,false
1811,790P,"11 1/2"" Skillet",Cookware,267.0,183.0,205.0,2013-08-27 22:35:30 UTC,2013-08-27 22:35:30 UTC,false
1812,791,1 1/2 Qt. Sauce Pan & Cover,Cookware,225.0,153.0,175.0,2013-08-27 22:35:30 UTC,2013-08-27 22:35:30 UTC,false
1813,7918CD,Classic Dedicated Chef Cookware Set W/ DVD,Cookware Sets,1579.0,1074.0,1470.0,2013-08-27 22:35:30 UTC,2013-08-27 22:35:30 UTC,false
1814,7918WD,Pearl Dedicated Chef Cookware Set W/ DVD,Cookware Sets,1579.0,1074.0,1470.0,2013-08-27 22:35:30 UTC,2013-08-27 22:35:30 UTC,false
1815,792,2 Qt. Sauce Pan & Cover,Cookware,249.0,170.0,190.0,2013-08-27 22:35:30 UTC,2013-08-27 22:35:30 UTC,false
1816,7922CD,Classic Accomplished Chef Cookware Set W/ DVD,Cookware Sets,2139.0,1466.0,2110.0,2013-08-27 22:35:30 UTC,2013-08-27 22:35:30 UTC,false
1817,7922WD,Pearl Accomplished Chef Cookware Set W/ DVD,Cookware Sets,2139.0,1466.0,2110.0,2013-08-27 22:35:30 UTC,2013-08-27 22:35:30 UTC,false
1818,793,3 Qt. Sauce Pan & Cover,Cookware,273.0,187.0,210.0,2013-08-27 22:35:30 UTC,2013-08-27 22:35:30 UTC,false
1819,795,6.3 Qt. Dutch Oven Bottom,Cookware,262.0,179.0,205.0,2013-08-27 22:35:30 UTC,2013-08-27 22:35:30 UTC,false
1820,796,High Dome Baking Dish Cover,Cookware,171.0,115.0,140.0,2013-08-27 22:35:30 UTC,2013-08-27 22:35:30 UTC,false
1821,797,Food Press/ Steamer Unit (fits 3 Qt.),Cookware,115.0,76.0,90.0,2013-08-27 22:35:30 UTC,2013-08-27 22:35:30 UTC,false
1822,798,"9"" Utility Pan & Cover",Cookware,255.0,174.0,200.0,2013-08-27 22:35:30 UTC,2013-08-27 22:35:30 UTC,false
1823,799,Double Boiler Insert (fits 3 Qt.),Cookware,69.0,45.0,50.0,2013-08-27 22:35:30 UTC,2013-08-27 22:35:30 UTC,false
1824,79C,Classic Shears Holster,Accessories,3.0,3.0,3.0,2013-08-27 22:35:30 UTC,2013-08-27 22:35:30 UTC,false
1825,79W,Pearl Shears Holster,Accessories,3.0,3.0,3.0,2013-08-27 22:35:30 UTC,2013-08-27 22:35:30 UTC,false
1826,82,Sharpener,Accessories,42.0,38.0,25.0,2013-08-27 22:35:30 UTC,2013-08-27 22:35:30 UTC,false
1827,88,Leather Sheath for 1759,Auxilary,6.0,6.0,4.0,2013-08-27 22:35:30 UTC,2013-08-27 22:35:30 UTC,false
